date,revenue,expense,expense_category,invoice_id,invoice_date,due_date,amount,type,payment_status,inventory_opening,inventory_closing,loan_amount,emi_amount,gst_collected,gst_paid,itc_claimed,industry
01-01-2024,98969,58780,Logistics,INV00001,01-01-2024,31-01-2024,14195,payable,unpaid,100000,99114,300000,12000,17814,10580,2499,Retail
02-01-2024,113409,49914,Operations,INV00002,02-01-2024,01-02-2024,12614,receivable,paid,99114,97889,300000,12000,20413,8984,1593,Manufacturing
03-01-2024,70062,89071,Salaries,INV00003,03-01-2024,02-02-2024,25725,receivable,unpaid,97889,99868,300000,12000,12611,16032,1919,Retail
04-01-2024,86911,46193,Operations,INV00004,04-01-2024,03-02-2024,16878,payable,unpaid,99868,99916,300000,12000,15643,8314,2426,Retail
05-01-2024,72062,39518,Operations,INV00005,05-01-2024,04-02-2024,15118,receivable,paid,99916,100789,300000,12000,12971,7113,2526,IT
06-01-2024,61006,43133,Salaries,INV00006,06-01-2024,05-02-2024,28596,payable,paid,100789,103410,300000,12000,10981,7763,2463,IT
07-01-2024,106700,64652,Operations,INV00007,07-01-2024,06-02-2024,21048,payable,paid,103410,102879,300000,12000,19206,11637,2095,IT
08-01-2024,64673,32204,Logistics,INV00008,08-01-2024,07-02-2024,19400,receivable,paid,102879,102008,300000,12000,11641,5796,1771,IT
09-01-2024,84837,44555,Operations,INV00009,09-01-2024,08-02-2024,28911,receivable,paid,102008,102936,300000,12000,15270,8019,1533,Manufacturing
10-01-2024,76569,50695,Logistics,INV00010,10-01-2024,09-02-2024,13932,payable,unpaid,102936,100398,300000,12000,13782,9125,2037,IT
11-01-2024,105868,45961,Salaries,INV00011,11-01-2024,10-02-2024,25596,payable,paid,100398,102580,300000,12000,19056,8272,1681,Retail
12-01-2024,98436,35584,Operations,INV00012,12-01-2024,11-02-2024,19128,receivable,paid,102580,101948,300000,12000,17718,6405,2334,Retail
13-01-2024,65014,45989,Operations,INV00013,13-01-2024,12-02-2024,11673,payable,unpaid,101948,102886,300000,12000,11702,8278,1650,Retail
14-01-2024,99510,73271,Operations,INV00014,14-01-2024,13-02-2024,24314,payable,paid,102886,105763,300000,12000,17911,13188,1756,Manufacturing
15-01-2024,70103,63788,Marketing,INV00015,15-01-2024,14-02-2024,25554,payable,unpaid,105763,102874,300000,12000,12618,11481,2948,Manufacturing
16-01-2024,101641,50992,Marketing,INV00016,16-01-2024,15-02-2024,15917,payable,unpaid,102874,102270,300000,12000,18295,9178,2303,Manufacturing
17-01-2024,83718,57302,Operations,INV00017,17-01-2024,16-02-2024,19325,receivable,paid,102270,101904,300000,12000,15069,10314,1870,Manufacturing
18-01-2024,99456,73555,Salaries,INV00018,18-01-2024,17-02-2024,24466,receivable,paid,101904,99281,300000,12000,17902,13239,2368,Retail
19-01-2024,91899,76917,Maintenance,INV00019,19-01-2024,18-02-2024,11966,payable,unpaid,99281,97057,300000,12000,16541,13845,1971,IT
20-01-2024,66962,86157,Logistics,INV00020,20-01-2024,19-02-2024,24519,payable,unpaid,97057,94718,300000,12000,12053,15508,2696,IT
21-01-2024,96153,60394,Marketing,INV00021,21-01-2024,20-02-2024,12338,receivable,unpaid,94718,96946,300000,12000,17307,10870,2839,IT
22-01-2024,83252,77683,Marketing,INV00022,22-01-2024,21-02-2024,14741,receivable,unpaid,96946,97802,300000,12000,14985,13982,1859,Manufacturing
23-01-2024,105652,48188,Operations,INV00023,23-01-2024,22-02-2024,18551,receivable,unpaid,97802,96271,300000,12000,19017,8673,2976,IT
24-01-2024,114071,84553,Marketing,INV00024,24-01-2024,23-02-2024,15026,payable,unpaid,96271,93869,300000,12000,20532,15219,2458,Retail
25-01-2024,95978,69959,Operations,INV00025,25-01-2024,24-02-2024,12528,receivable,paid,93869,91524,300000,12000,17276,12592,2811,Manufacturing
26-01-2024,65898,47584,Marketing,INV00026,26-01-2024,25-02-2024,24578,payable,unpaid,91524,90831,300000,12000,11861,8565,2784,IT
27-01-2024,76959,36854,Logistics,INV00027,27-01-2024,26-02-2024,20994,receivable,unpaid,90831,93550,300000,12000,13852,6633,2863,Retail
28-01-2024,79553,77531,Maintenance,INV00028,28-01-2024,27-02-2024,12824,receivable,unpaid,93550,95456,300000,12000,14319,13955,2379,IT
29-01-2024,81419,58984,Maintenance,INV00029,29-01-2024,28-02-2024,24150,payable,paid,95456,95144,300000,12000,14655,10617,2517,IT
30-01-2024,74389,75051,Marketing,INV00030,30-01-2024,29-02-2024,17465,receivable,unpaid,95144,94224,300000,12000,13390,13509,1863,Retail
31-01-2024,79549,53489,Salaries,INV00031,31-01-2024,01-03-2024,24455,payable,unpaid,94224,96766,300000,12000,14318,9628,2236,Manufacturing
01-02-2024,81914,64322,Operations,INV00032,01-02-2024,02-03-2024,19823,receivable,unpaid,96766,93916,300000,12000,14744,11577,2045,Manufacturing
02-02-2024,86219,65173,Salaries,INV00033,02-02-2024,03-03-2024,19395,payable,unpaid,93916,92960,300000,12000,15519,11731,1763,IT
03-02-2024,77959,58974,Salaries,INV00034,03-02-2024,04-03-2024,22796,receivable,unpaid,92960,93313,300000,12000,14032,10615,2101,Retail
04-02-2024,75801,55990,Operations,INV00035,04-02-2024,05-03-2024,21304,receivable,paid,93313,90618,300000,12000,13644,10078,1926,IT
05-02-2024,92393,50362,Marketing,INV00036,05-02-2024,06-03-2024,21534,payable,paid,90618,87845,300000,12000,16630,9065,2469,IT
06-02-2024,90868,49983,Marketing,INV00037,06-02-2024,07-03-2024,29899,payable,paid,87845,85319,300000,12000,16356,8996,1659,Manufacturing
07-02-2024,66791,69207,Operations,INV00038,07-02-2024,08-03-2024,10594,payable,paid,85319,87615,300000,12000,12022,12457,2183,IT
08-02-2024,93209,68371,Operations,INV00039,08-02-2024,09-03-2024,12515,payable,unpaid,87615,90010,300000,12000,16777,12306,2426,Manufacturing
09-02-2024,110422,69237,Maintenance,INV00040,09-02-2024,10-03-2024,26199,receivable,unpaid,90010,88110,300000,12000,19875,12462,1778,Retail
10-02-2024,98849,73888,Operations,INV00041,10-02-2024,11-03-2024,11291,receivable,paid,88110,88300,300000,12000,17792,13299,1658,Manufacturing
11-02-2024,73358,36928,Operations,INV00042,11-02-2024,12-03-2024,10178,receivable,unpaid,88300,85418,300000,12000,13204,6647,2975,Retail
12-02-2024,90927,80264,Maintenance,INV00043,12-02-2024,13-03-2024,14441,receivable,unpaid,85418,88283,300000,12000,16366,14447,2454,IT
13-02-2024,75817,33872,Salaries,INV00044,13-02-2024,14-03-2024,24665,payable,paid,88283,87805,300000,12000,13647,6096,1678,Manufacturing
14-02-2024,76226,43874,Salaries,INV00045,14-02-2024,15-03-2024,13786,payable,unpaid,87805,88433,300000,12000,13720,7897,2137,Manufacturing
15-02-2024,68066,65920,Salaries,INV00046,15-02-2024,16-03-2024,25871,receivable,unpaid,88433,88985,300000,12000,12251,11865,1961,IT
16-02-2024,110068,83713,Operations,INV00047,16-02-2024,17-03-2024,18082,receivable,unpaid,88985,88951,300000,12000,19812,15068,2252,Retail
17-02-2024,117948,40993,Salaries,INV00048,17-02-2024,18-03-2024,21901,payable,paid,88951,86957,300000,12000,21230,7378,2808,IT
18-02-2024,60155,89979,Logistics,INV00049,18-02-2024,19-03-2024,17932,receivable,unpaid,86957,86272,300000,12000,10827,16196,2180,IT
19-02-2024,89705,34506,Operations,INV00050,19-02-2024,20-03-2024,20656,payable,unpaid,86272,83747,300000,12000,16146,6211,1971,Manufacturing
20-02-2024,109176,87831,Logistics,INV00051,20-02-2024,21-03-2024,19938,payable,paid,83747,83348,300000,12000,19651,15809,2606,Retail
21-02-2024,90303,41245,Marketing,INV00052,21-02-2024,22-03-2024,28318,payable,unpaid,83348,80580,300000,12000,16254,7424,2520,Manufacturing
22-02-2024,77389,31379,Salaries,INV00053,22-02-2024,23-03-2024,23282,receivable,paid,80580,78809,300000,12000,13930,5648,2268,Retail
23-02-2024,97700,86917,Maintenance,INV00054,23-02-2024,24-03-2024,21603,payable,unpaid,78809,76002,300000,12000,17586,15645,2468,Manufacturing
24-02-2024,77142,82104,Maintenance,INV00055,24-02-2024,25-03-2024,20988,receivable,unpaid,76002,73174,300000,12000,13885,14778,2532,IT
25-02-2024,101861,35145,Salaries,INV00056,25-02-2024,26-03-2024,10977,receivable,paid,73174,72109,300000,12000,18334,6326,1545,IT
26-02-2024,85932,48160,Operations,INV00057,26-02-2024,27-03-2024,23130,payable,paid,72109,69608,300000,12000,15467,8668,1592,IT
27-02-2024,77266,85745,Maintenance,INV00058,27-02-2024,28-03-2024,27278,receivable,paid,69608,70974,300000,12000,13907,15434,2900,Manufacturing
28-02-2024,118763,40385,Maintenance,INV00059,28-02-2024,29-03-2024,18023,receivable,paid,70974,72521,300000,12000,21377,7269,2641,IT
29-02-2024,96219,55033,Salaries,INV00060,29-02-2024,30-03-2024,24503,receivable,paid,72521,71590,300000,12000,17319,9905,2878,Manufacturing
01-03-2024,72198,57279,Operations,INV00061,01-03-2024,31-03-2024,27350,receivable,paid,71590,74188,300000,12000,12995,10310,2180,Manufacturing
02-03-2024,90904,76920,Maintenance,INV00062,02-03-2024,01-04-2024,22465,payable,unpaid,74188,72613,300000,12000,16362,13845,1526,Manufacturing
03-03-2024,80624,81235,Logistics,INV00063,03-03-2024,02-04-2024,12863,receivable,unpaid,72613,69951,300000,12000,14512,14622,2798,Manufacturing
04-03-2024,96896,75983,Operations,INV00064,04-03-2024,03-04-2024,16160,receivable,paid,69951,67723,300000,12000,17441,13676,2026,IT
05-03-2024,89027,87201,Salaries,INV00065,05-03-2024,04-04-2024,19558,payable,paid,67723,65609,300000,12000,16024,15696,2313,IT
06-03-2024,81815,89123,Logistics,INV00066,06-03-2024,05-04-2024,25139,receivable,paid,65609,63834,300000,12000,14726,16042,1828,Retail
07-03-2024,89142,66892,Salaries,INV00067,07-03-2024,06-04-2024,12187,payable,paid,63834,61196,300000,12000,16045,12040,1992,Retail
08-03-2024,99745,59978,Salaries,INV00068,08-03-2024,07-04-2024,13237,receivable,paid,61196,58859,300000,12000,17954,10796,1886,Manufacturing
09-03-2024,74025,39641,Salaries,INV00069,09-03-2024,08-04-2024,28139,receivable,paid,58859,58264,300000,12000,13324,7135,2948,Manufacturing
10-03-2024,113742,62937,Maintenance,INV00070,10-03-2024,09-04-2024,16823,payable,unpaid,58264,55502,300000,12000,20473,11328,2770,IT
11-03-2024,106200,38837,Salaries,INV00071,11-03-2024,10-04-2024,20356,receivable,paid,55502,56752,300000,12000,19116,6990,1637,IT
12-03-2024,75883,81987,Maintenance,INV00072,12-03-2024,11-04-2024,10537,receivable,unpaid,56752,57667,300000,12000,13658,14757,2519,Retail
13-03-2024,64752,74672,Logistics,INV00073,13-03-2024,12-04-2024,27431,receivable,paid,57667,55513,300000,12000,11655,13440,2173,Manufacturing
14-03-2024,68665,46660,Operations,INV00074,14-03-2024,13-04-2024,18809,receivable,paid,55513,58203,300000,12000,12359,8398,1680,IT
15-03-2024,101443,46783,Maintenance,INV00075,15-03-2024,14-04-2024,16336,payable,unpaid,58203,56068,300000,12000,18259,8420,2083,Manufacturing
16-03-2024,119837,38650,Operations,INV00076,16-03-2024,15-04-2024,14537,payable,paid,56068,54275,300000,12000,21570,6957,1675,Manufacturing
17-03-2024,66378,37068,Operations,INV00077,17-03-2024,16-04-2024,25572,payable,unpaid,54275,56359,300000,12000,11948,6672,1723,IT
18-03-2024,76550,75907,Logistics,INV00078,18-03-2024,17-04-2024,29443,receivable,paid,56359,55332,300000,12000,13779,13663,1885,Retail
19-03-2024,100833,51556,Marketing,INV00079,19-03-2024,18-04-2024,10715,receivable,unpaid,55332,55743,300000,12000,18149,9280,2831,Retail
20-03-2024,87085,77462,Logistics,INV00080,20-03-2024,19-04-2024,26075,payable,unpaid,55743,57499,300000,12000,15675,13943,1557,Manufacturing
21-03-2024,63740,37304,Logistics,INV00081,21-03-2024,20-04-2024,23604,payable,unpaid,57499,56668,300000,12000,11473,6714,2925,Retail
22-03-2024,69439,63727,Logistics,INV00082,22-03-2024,21-04-2024,27261,receivable,unpaid,56668,55183,300000,12000,12499,11470,2078,IT
23-03-2024,99822,72479,Marketing,INV00083,23-03-2024,22-04-2024,12107,receivable,paid,55183,57943,300000,12000,17967,13046,1755,IT
24-03-2024,66737,38172,Maintenance,INV00084,24-03-2024,23-04-2024,15459,receivable,unpaid,57943,55058,300000,12000,12012,6870,2311,Manufacturing
25-03-2024,117379,40766,Operations,INV00085,25-03-2024,24-04-2024,24280,receivable,paid,55058,54203,300000,12000,21128,7337,1794,IT
26-03-2024,117987,65042,Operations,INV00086,26-03-2024,25-04-2024,26440,receivable,paid,54203,53415,300000,12000,21237,11707,2285,IT
27-03-2024,76191,81092,Marketing,INV00087,27-03-2024,26-04-2024,16782,receivable,unpaid,53415,54918,300000,12000,13714,14596,2113,Manufacturing
28-03-2024,99171,60776,Maintenance,INV00088,28-03-2024,27-04-2024,15428,payable,paid,54918,57333,300000,12000,17850,10939,2575,Manufacturing
29-03-2024,68203,48266,Maintenance,INV00089,29-03-2024,28-04-2024,18839,receivable,paid,57333,56219,300000,12000,12276,8687,1834,Retail
30-03-2024,98551,73393,Logistics,INV00090,30-03-2024,29-04-2024,26404,payable,paid,56219,57247,300000,12000,17739,13210,2408,Retail
31-03-2024,62497,85034,Salaries,INV00091,31-03-2024,30-04-2024,15784,receivable,paid,57247,60119,300000,12000,11249,15306,1633,Retail
01-04-2024,88221,78578,Salaries,INV00092,01-04-2024,01-05-2024,27699,payable,unpaid,60119,61185,300000,12000,15879,14144,2397,Retail
02-04-2024,106942,61148,Maintenance,INV00093,02-04-2024,02-05-2024,20103,payable,unpaid,61185,63249,300000,12000,19249,11006,2578,IT
03-04-2024,97074,86920,Logistics,INV00094,03-04-2024,03-05-2024,15513,receivable,paid,63249,63533,300000,12000,17473,15645,2096,IT
04-04-2024,99640,32777,Salaries,INV00095,04-04-2024,04-05-2024,17271,receivable,paid,63533,63934,300000,12000,17935,5899,2476,IT
05-04-2024,84575,53019,Maintenance,INV00096,05-04-2024,05-05-2024,10586,payable,unpaid,63934,66818,300000,12000,15223,9543,2776,Retail
06-04-2024,69663,81775,Logistics,INV00097,06-04-2024,06-05-2024,21646,receivable,unpaid,66818,65840,300000,12000,12539,14719,2711,Retail
07-04-2024,60569,77924,Operations,INV00098,07-04-2024,07-05-2024,13809,payable,paid,65840,67158,300000,12000,10902,14026,2099,Retail
08-04-2024,70540,81495,Marketing,INV00099,08-04-2024,08-05-2024,25692,receivable,paid,67158,67992,300000,12000,12697,14669,1676,Retail
09-04-2024,76028,81827,Logistics,INV00100,09-04-2024,09-05-2024,29657,receivable,unpaid,67992,66993,300000,12000,13685,14728,2040,IT
10-04-2024,68445,54689,Salaries,INV00101,10-04-2024,10-05-2024,23580,receivable,unpaid,66993,68021,300000,12000,12320,9844,1955,Manufacturing
11-04-2024,67503,68266,Maintenance,INV00102,11-04-2024,11-05-2024,27799,payable,paid,68021,65212,300000,12000,12150,12287,2561,IT
12-04-2024,88868,38897,Operations,INV00103,12-04-2024,12-05-2024,10715,payable,paid,65212,63077,300000,12000,15996,7001,2490,IT
13-04-2024,117832,86547,Marketing,INV00104,13-04-2024,13-05-2024,10417,payable,unpaid,63077,60496,300000,12000,21209,15578,2668,Retail
14-04-2024,92391,81105,Maintenance,INV00105,14-04-2024,14-05-2024,20264,payable,unpaid,60496,60082,300000,12000,16630,14598,2811,Retail
15-04-2024,88419,48482,Salaries,INV00106,15-04-2024,15-05-2024,17629,receivable,paid,60082,58191,300000,12000,15915,8726,2292,Manufacturing
16-04-2024,63291,46718,Operations,INV00107,16-04-2024,16-05-2024,18131,payable,paid,58191,58362,300000,12000,11392,8409,1972,Manufacturing
17-04-2024,102839,68960,Operations,INV00108,17-04-2024,17-05-2024,20007,receivable,paid,58362,56366,300000,12000,18511,12412,2583,Manufacturing
18-04-2024,116385,47112,Operations,INV00109,18-04-2024,18-05-2024,24775,receivable,unpaid,56366,59309,300000,12000,20949,8480,2518,IT
19-04-2024,100955,71190,Logistics,INV00110,19-04-2024,19-05-2024,18624,receivable,paid,59309,62009,300000,12000,18171,12814,2249,Retail
20-04-2024,72198,86696,Logistics,INV00111,20-04-2024,20-05-2024,24606,payable,unpaid,62009,63354,300000,12000,12995,15605,2382,Retail
21-04-2024,90905,58357,Logistics,INV00112,21-04-2024,21-05-2024,12441,payable,paid,63354,61373,300000,12000,16362,10504,1511,IT
22-04-2024,118247,55035,Operations,INV00113,22-04-2024,22-05-2024,28534,payable,unpaid,61373,62818,300000,12000,21284,9906,1634,IT
23-04-2024,82382,57903,Salaries,INV00114,23-04-2024,23-05-2024,17662,payable,unpaid,62818,63776,300000,12000,14828,10422,1761,Retail
24-04-2024,84719,68443,Salaries,INV00115,24-04-2024,24-05-2024,14137,payable,unpaid,63776,66148,300000,12000,15249,12319,1784,Manufacturing
25-04-2024,92472,41234,Salaries,INV00116,25-04-2024,25-05-2024,22544,payable,unpaid,66148,65231,300000,12000,16644,7422,1621,Retail
26-04-2024,64991,47716,Marketing,INV00117,26-04-2024,26-05-2024,21833,receivable,paid,65231,64182,300000,12000,11698,8588,2724,IT
27-04-2024,94657,78407,Maintenance,INV00118,27-04-2024,27-05-2024,16575,payable,unpaid,64182,64056,300000,12000,17038,14113,2300,IT
28-04-2024,108795,59677,Operations,INV00119,28-04-2024,28-05-2024,27733,receivable,paid,64056,61329,300000,12000,19583,10741,1656,Retail
29-04-2024,100372,81871,Salaries,INV00120,29-04-2024,29-05-2024,20662,receivable,unpaid,61329,63454,300000,12000,18066,14736,2092,Retail
30-04-2024,83422,56891,Marketing,INV00121,30-04-2024,30-05-2024,26598,receivable,paid,63454,61066,300000,12000,15015,10240,2358,IT
01-05-2024,102233,85114,Operations,INV00122,01-05-2024,31-05-2024,20296,payable,paid,61066,63710,300000,12000,18401,15320,1516,Manufacturing
02-05-2024,96829,58059,Marketing,INV00123,02-05-2024,01-06-2024,11910,receivable,unpaid,63710,65145,300000,12000,17429,10450,2106,IT
03-05-2024,96473,45492,Maintenance,INV00124,03-05-2024,02-06-2024,19244,receivable,unpaid,65145,66588,300000,12000,17365,8188,2028,IT
04-05-2024,80933,88356,Logistics,INV00125,04-05-2024,03-06-2024,25619,receivable,paid,66588,66758,300000,12000,14567,15904,1635,IT
05-05-2024,96676,69433,Maintenance,INV00126,05-05-2024,04-06-2024,20179,payable,paid,66758,64598,300000,12000,17401,12497,1570,Retail
06-05-2024,92616,34637,Salaries,INV00127,06-05-2024,05-06-2024,26046,receivable,unpaid,64598,65788,300000,12000,16670,6234,2933,Manufacturing
07-05-2024,83885,48556,Salaries,INV00128,07-05-2024,06-06-2024,24317,receivable,unpaid,65788,65747,300000,12000,15099,8740,2714,IT
08-05-2024,111317,37050,Marketing,INV00129,08-05-2024,07-06-2024,29610,receivable,paid,65747,65405,300000,12000,20037,6669,1980,Manufacturing
09-05-2024,76468,47348,Maintenance,INV00130,09-05-2024,08-06-2024,26727,receivable,paid,65405,63053,300000,12000,13764,8522,2385,Manufacturing
10-05-2024,107949,79526,Operations,INV00131,10-05-2024,09-06-2024,13182,receivable,unpaid,63053,65851,300000,12000,19430,14314,2573,Manufacturing
11-05-2024,73763,81714,Operations,INV00132,11-05-2024,10-06-2024,11982,payable,paid,65851,68014,300000,12000,13277,14708,2016,Retail
12-05-2024,87889,41208,Salaries,INV00133,12-05-2024,11-06-2024,29250,receivable,unpaid,68014,69168,300000,12000,15820,7417,2470,Retail
13-05-2024,102964,58680,Marketing,INV00134,13-05-2024,12-06-2024,25220,payable,unpaid,69168,68128,300000,12000,18533,10562,2195,Retail
14-05-2024,92031,68740,Marketing,INV00135,14-05-2024,13-06-2024,20197,payable,unpaid,68128,66985,300000,12000,16565,12373,2450,IT
15-05-2024,66939,61749,Logistics,INV00136,15-05-2024,14-06-2024,12743,payable,unpaid,66985,65961,300000,12000,12049,11114,1513,Manufacturing
16-05-2024,102387,68728,Operations,INV00137,16-05-2024,15-06-2024,12780,payable,unpaid,65961,67509,300000,12000,18429,12371,2823,IT
17-05-2024,81120,39471,Maintenance,INV00138,17-05-2024,16-06-2024,17814,receivable,paid,67509,69246,300000,12000,14601,7104,2143,Manufacturing
18-05-2024,71720,78367,Salaries,INV00139,18-05-2024,17-06-2024,11070,payable,paid,69246,66741,300000,12000,12909,14106,1655,Manufacturing
19-05-2024,106856,68599,Operations,INV00140,19-05-2024,18-06-2024,11360,payable,paid,66741,68470,300000,12000,19234,12347,2082,Retail
20-05-2024,82395,74479,Logistics,INV00141,20-05-2024,19-06-2024,11370,payable,unpaid,68470,67124,300000,12000,14831,13406,1742,IT
21-05-2024,67782,72980,Operations,INV00142,21-05-2024,20-06-2024,29220,payable,paid,67124,68176,300000,12000,12200,13136,2493,Retail
22-05-2024,77944,49686,Operations,INV00143,22-05-2024,21-06-2024,16877,receivable,paid,68176,65697,300000,12000,14029,8943,2994,Manufacturing
23-05-2024,116196,45301,Maintenance,INV00144,23-05-2024,22-06-2024,11314,payable,unpaid,65697,67026,300000,12000,20915,8154,1773,IT
24-05-2024,84861,62449,Operations,INV00145,24-05-2024,23-06-2024,28665,receivable,unpaid,67026,65694,300000,12000,15274,11240,2589,Retail
25-05-2024,100576,52316,Marketing,INV00146,25-05-2024,24-06-2024,20522,payable,unpaid,65694,65738,300000,12000,18103,9416,1963,Retail
26-05-2024,109265,50275,Marketing,INV00147,26-05-2024,25-06-2024,28423,receivable,paid,65738,65379,300000,12000,19667,9049,1901,Retail
27-05-2024,109737,40200,Operations,INV00148,27-05-2024,26-06-2024,22147,payable,paid,65379,65109,300000,12000,19752,7236,1973,IT
28-05-2024,111310,52498,Marketing,INV00149,28-05-2024,27-06-2024,12351,payable,paid,65109,62748,300000,12000,20035,9449,1759,Manufacturing
29-05-2024,100168,64991,Salaries,INV00150,29-05-2024,28-06-2024,19848,receivable,unpaid,62748,64503,300000,12000,18030,11698,2172,Retail
30-05-2024,87554,59224,Operations,INV00151,30-05-2024,29-06-2024,27594,receivable,unpaid,64503,61725,300000,12000,15759,10660,1935,Retail
31-05-2024,93983,40611,Logistics,INV00152,31-05-2024,30-06-2024,19361,payable,unpaid,61725,63063,300000,12000,16916,7309,2173,Retail
01-06-2024,111420,38443,Salaries,INV00153,01-06-2024,01-07-2024,16964,payable,paid,63063,65607,300000,12000,20055,6919,2054,Manufacturing
02-06-2024,63100,70158,Logistics,INV00154,02-06-2024,02-07-2024,14606,payable,paid,65607,65019,300000,12000,11358,12628,2733,IT
03-06-2024,119974,66330,Salaries,INV00155,03-06-2024,03-07-2024,23400,receivable,unpaid,65019,64242,300000,12000,21595,11939,2901,Manufacturing
04-06-2024,94945,77663,Operations,INV00156,04-06-2024,04-07-2024,26429,receivable,paid,64242,64346,300000,12000,17090,13979,2054,Retail
05-06-2024,86148,80170,Maintenance,INV00157,05-06-2024,05-07-2024,16016,receivable,paid,64346,62768,300000,12000,15506,14430,2617,Manufacturing
06-06-2024,112186,35827,Logistics,INV00158,06-06-2024,06-07-2024,11269,receivable,paid,62768,62896,300000,12000,20193,6448,2832,IT
07-06-2024,91258,57354,Logistics,INV00159,07-06-2024,07-07-2024,29639,payable,paid,62896,65379,300000,12000,16426,10323,2259,Manufacturing
08-06-2024,100285,32653,Logistics,INV00160,08-06-2024,08-07-2024,20707,payable,paid,65379,63044,300000,12000,18051,5877,1750,IT
09-06-2024,118847,43253,Marketing,INV00161,09-06-2024,09-07-2024,28147,payable,unpaid,63044,60090,300000,12000,21392,7785,2767,Manufacturing
10-06-2024,98351,49596,Salaries,INV00162,10-06-2024,10-07-2024,13546,receivable,paid,60090,58560,300000,12000,17703,8927,2109,IT
11-06-2024,110717,35890,Salaries,INV00163,11-06-2024,11-07-2024,24322,receivable,unpaid,58560,59149,300000,12000,19929,6460,1592,Retail
12-06-2024,107998,33070,Maintenance,INV00164,12-06-2024,12-07-2024,23165,payable,paid,59149,60361,300000,12000,19439,5952,2989,Retail
13-06-2024,75832,69285,Operations,INV00165,13-06-2024,13-07-2024,19946,receivable,paid,60361,60112,300000,12000,13649,12471,1882,Retail
14-06-2024,79066,79798,Operations,INV00166,14-06-2024,14-07-2024,28954,receivable,paid,60112,59815,300000,12000,14231,14363,2090,Manufacturing
15-06-2024,100754,51998,Salaries,INV00167,15-06-2024,15-07-2024,11283,payable,unpaid,59815,60316,300000,12000,18135,9359,1792,Retail
16-06-2024,100998,61803,Maintenance,INV00168,16-06-2024,16-07-2024,26197,receivable,unpaid,60316,63155,300000,12000,18179,11124,2828,IT
17-06-2024,90121,53301,Salaries,INV00169,17-06-2024,17-07-2024,16623,receivable,unpaid,63155,62483,300000,12000,16221,9594,2529,IT
18-06-2024,62944,88463,Salaries,INV00170,18-06-2024,18-07-2024,23211,receivable,unpaid,62483,62919,300000,12000,11329,15923,1668,Retail
19-06-2024,100040,66361,Salaries,INV00171,19-06-2024,19-07-2024,28815,payable,paid,62919,65271,300000,12000,18007,11944,1871,Retail
20-06-2024,75250,81290,Operations,INV00172,20-06-2024,20-07-2024,17334,receivable,paid,65271,67015,300000,12000,13545,14632,2869,Retail
21-06-2024,112037,39824,Marketing,INV00173,21-06-2024,21-07-2024,15774,payable,unpaid,67015,67467,300000,12000,20166,7168,2485,Manufacturing
22-06-2024,96139,31767,Salaries,INV00174,22-06-2024,22-07-2024,24668,payable,unpaid,67467,68586,300000,12000,17305,5718,2362,Retail
23-06-2024,89377,68402,Marketing,INV00175,23-06-2024,23-07-2024,13487,payable,unpaid,68586,69660,300000,12000,16087,12312,2283,IT
24-06-2024,84985,59989,Operations,INV00176,24-06-2024,24-07-2024,16118,payable,unpaid,69660,72052,300000,12000,15297,10798,1786,Manufacturing
25-06-2024,111241,49784,Salaries,INV00177,25-06-2024,25-07-2024,10166,payable,paid,72052,70152,300000,12000,20023,8961,1697,Retail
26-06-2024,84027,52285,Salaries,INV00178,26-06-2024,26-07-2024,15109,receivable,paid,70152,67760,300000,12000,15124,9411,2044,Retail
27-06-2024,63119,49110,Marketing,INV00179,27-06-2024,27-07-2024,13199,receivable,unpaid,67760,70166,300000,12000,11361,8839,1633,IT
28-06-2024,99212,76166,Marketing,INV00180,28-06-2024,28-07-2024,21915,payable,unpaid,70166,69940,300000,12000,17858,13709,1725,Manufacturing
29-06-2024,117457,78185,Salaries,INV00181,29-06-2024,29-07-2024,15541,payable,unpaid,69940,67872,300000,12000,21142,14073,2109,Manufacturing
30-06-2024,89001,66393,Maintenance,INV00182,30-06-2024,30-07-2024,18306,payable,paid,67872,65926,300000,12000,16020,11950,2151,Manufacturing
01-07-2024,114589,31111,Operations,INV00183,01-07-2024,31-07-2024,12565,payable,unpaid,65926,63220,300000,12000,20626,5599,1708,Manufacturing
02-07-2024,86540,36288,Operations,INV00184,02-07-2024,01-08-2024,21637,receivable,unpaid,63220,61701,300000,12000,15577,6531,2014,Retail
03-07-2024,111225,89109,Maintenance,INV00185,03-07-2024,02-08-2024,19228,receivable,paid,61701,60262,300000,12000,20020,16039,2879,Retail
04-07-2024,98924,86513,Marketing,INV00186,04-07-2024,03-08-2024,19315,payable,unpaid,60262,59500,300000,12000,17806,15572,2273,Manufacturing
05-07-2024,79469,88272,Maintenance,INV00187,05-07-2024,04-08-2024,22331,payable,unpaid,59500,58443,300000,12000,14304,15888,1672,IT
06-07-2024,117668,42503,Marketing,INV00188,06-07-2024,05-08-2024,10197,payable,paid,58443,59477,300000,12000,21180,7650,2928,IT
07-07-2024,95766,83203,Maintenance,INV00189,07-07-2024,06-08-2024,13639,payable,unpaid,59477,58976,300000,12000,17237,14976,2097,IT
08-07-2024,101705,63863,Logistics,INV00190,08-07-2024,07-08-2024,29403,receivable,unpaid,58976,56266,300000,12000,18306,11495,2106,Manufacturing
09-07-2024,116884,42132,Maintenance,INV00191,09-07-2024,08-08-2024,15089,payable,unpaid,56266,57748,300000,12000,21039,7583,2937,Retail
10-07-2024,60937,30835,Marketing,INV00192,10-07-2024,09-08-2024,22184,receivable,unpaid,57748,59412,300000,12000,10968,5550,2427,Manufacturing
11-07-2024,69162,54012,Marketing,INV00193,11-07-2024,10-08-2024,27369,receivable,paid,59412,57367,300000,12000,12449,9722,2498,IT
12-07-2024,94814,32962,Maintenance,INV00194,12-07-2024,11-08-2024,25253,payable,unpaid,57367,59823,300000,12000,17066,5933,2153,Retail
13-07-2024,78082,79280,Operations,INV00195,13-07-2024,12-08-2024,29081,payable,paid,59823,58660,300000,12000,14054,14270,2181,Retail
14-07-2024,73708,79544,Operations,INV00196,14-07-2024,13-08-2024,21489,receivable,paid,58660,59154,300000,12000,13267,14317,2567,Manufacturing
15-07-2024,70414,30542,Marketing,INV00197,15-07-2024,14-08-2024,26030,payable,paid,59154,60492,300000,12000,12674,5497,1682,IT
16-07-2024,97116,79923,Salaries,INV00198,16-07-2024,15-08-2024,25228,receivable,unpaid,60492,62592,300000,12000,17480,14386,2907,Manufacturing
17-07-2024,95305,57680,Maintenance,INV00199,17-07-2024,16-08-2024,23697,receivable,paid,62592,61213,300000,12000,17154,10382,1628,Manufacturing
18-07-2024,75857,74207,Logistics,INV00200,18-07-2024,17-08-2024,18303,receivable,unpaid,61213,63104,300000,12000,13654,13357,2529,Retail
19-07-2024,112964,73238,Logistics,INV00201,19-07-2024,18-08-2024,19866,receivable,unpaid,63104,65021,300000,12000,20333,13182,2816,IT
20-07-2024,109263,47823,Logistics,INV00202,20-07-2024,19-08-2024,20955,payable,unpaid,65021,65065,300000,12000,19667,8608,2419,Retail
21-07-2024,61615,56326,Maintenance,INV00203,21-07-2024,20-08-2024,12460,payable,paid,65065,65490,300000,12000,11090,10138,2018,IT
22-07-2024,113667,56464,Maintenance,INV00204,22-07-2024,21-08-2024,24826,receivable,paid,65490,63689,300000,12000,20460,10163,1942,Retail
23-07-2024,104215,57875,Salaries,INV00205,23-07-2024,22-08-2024,18160,payable,paid,63689,65366,300000,12000,18758,10417,2615,Manufacturing
24-07-2024,94366,52060,Marketing,INV00206,24-07-2024,23-08-2024,23106,payable,paid,65366,68208,300000,12000,16985,9370,1871,Retail
25-07-2024,83113,80247,Maintenance,INV00207,25-07-2024,24-08-2024,11203,payable,paid,68208,68821,300000,12000,14960,14444,1869,Manufacturing
26-07-2024,105740,47425,Logistics,INV00208,26-07-2024,25-08-2024,17190,payable,unpaid,68821,67130,300000,12000,19033,8536,1950,IT
27-07-2024,79894,57466,Operations,INV00209,27-07-2024,26-08-2024,17127,payable,paid,67130,67552,300000,12000,14380,10343,2085,Retail
28-07-2024,78785,69812,Maintenance,INV00210,28-07-2024,27-08-2024,15356,payable,paid,67552,65855,300000,12000,14181,12566,1961,Retail
29-07-2024,104140,68546,Maintenance,INV00211,29-07-2024,28-08-2024,25481,payable,unpaid,65855,65667,300000,12000,18745,12338,2459,Manufacturing
30-07-2024,106422,45156,Operations,INV00212,30-07-2024,29-08-2024,21735,receivable,unpaid,65667,63666,300000,12000,19155,8128,2690,IT
31-07-2024,104665,36628,Maintenance,INV00213,31-07-2024,30-08-2024,27018,payable,unpaid,63666,65840,300000,12000,18839,6593,2797,Retail
01-08-2024,94856,73496,Maintenance,INV00214,01-08-2024,31-08-2024,15821,receivable,unpaid,65840,68343,300000,12000,17074,13229,2493,Retail
02-08-2024,67874,40877,Marketing,INV00215,02-08-2024,01-09-2024,11779,receivable,unpaid,68343,65479,300000,12000,12217,7357,1966,Manufacturing
03-08-2024,108225,78979,Marketing,INV00216,03-08-2024,02-09-2024,25749,payable,paid,65479,63962,300000,12000,19480,14216,1979,Manufacturing
04-08-2024,66806,50577,Operations,INV00217,04-08-2024,03-09-2024,17074,receivable,paid,63962,66020,300000,12000,12025,9103,1681,Manufacturing
05-08-2024,115048,84373,Salaries,INV00218,05-08-2024,04-09-2024,13484,payable,unpaid,66020,65307,300000,12000,20708,15187,2828,IT
06-08-2024,95282,50592,Logistics,INV00219,06-08-2024,05-09-2024,17338,payable,unpaid,65307,65485,300000,12000,17150,9106,2316,Retail
07-08-2024,66909,56065,Operations,INV00220,07-08-2024,06-09-2024,27099,payable,paid,65485,62634,300000,12000,12043,10091,1587,Retail
08-08-2024,103973,30746,Logistics,INV00221,08-08-2024,07-09-2024,26515,receivable,unpaid,62634,61503,300000,12000,18715,5534,1911,Manufacturing
09-08-2024,83964,46760,Salaries,INV00222,09-08-2024,08-09-2024,29029,payable,paid,61503,62518,300000,12000,15113,8416,2986,Retail
10-08-2024,84120,48154,Logistics,INV00223,10-08-2024,09-09-2024,11836,receivable,unpaid,62518,65249,300000,12000,15141,8667,1952,IT
11-08-2024,94972,45040,Maintenance,INV00224,11-08-2024,10-09-2024,20902,payable,unpaid,65249,65525,300000,12000,17094,8107,2381,IT
12-08-2024,113298,59732,Salaries,INV00225,12-08-2024,11-09-2024,10608,payable,paid,65525,65281,300000,12000,20393,10751,1789,Retail
13-08-2024,97887,32662,Maintenance,INV00226,13-08-2024,12-09-2024,21608,receivable,unpaid,65281,65003,300000,12000,17619,5879,2003,Manufacturing
14-08-2024,98156,54005,Salaries,INV00227,14-08-2024,13-09-2024,28349,payable,paid,65003,67802,300000,12000,17668,9720,1750,Retail
15-08-2024,66421,62783,Operations,INV00228,15-08-2024,14-09-2024,28328,payable,unpaid,67802,67213,300000,12000,11955,11300,1516,Manufacturing
16-08-2024,88062,52357,Maintenance,INV00229,16-08-2024,15-09-2024,17720,payable,unpaid,67213,67149,300000,12000,15851,9424,2349,Retail
17-08-2024,87886,62717,Logistics,INV00230,17-08-2024,16-09-2024,28516,payable,unpaid,67149,69347,300000,12000,15819,11289,2696,IT
18-08-2024,119026,53558,Operations,INV00231,18-08-2024,17-09-2024,26134,payable,paid,69347,67032,300000,12000,21424,9640,2188,Retail
19-08-2024,109715,63874,Marketing,INV00232,19-08-2024,18-09-2024,18650,payable,unpaid,67032,68745,300000,12000,19748,11497,2373,IT
20-08-2024,69708,52606,Operations,INV00233,20-08-2024,19-09-2024,18254,receivable,unpaid,68745,70154,300000,12000,12547,9469,2783,Manufacturing
21-08-2024,94965,70316,Operations,INV00234,21-08-2024,20-09-2024,26152,receivable,paid,70154,71383,300000,12000,17093,12656,2917,Manufacturing
22-08-2024,99481,56718,Logistics,INV00235,22-08-2024,21-09-2024,20846,payable,paid,71383,69922,300000,12000,17906,10209,1952,Manufacturing
23-08-2024,74719,32869,Operations,INV00236,23-08-2024,22-09-2024,18294,payable,unpaid,69922,68679,300000,12000,13449,5916,2860,IT
24-08-2024,115362,55814,Marketing,INV00237,24-08-2024,23-09-2024,24610,receivable,unpaid,68679,66263,300000,12000,20765,10046,1627,Retail
25-08-2024,76593,79572,Salaries,INV00238,25-08-2024,24-09-2024,12328,receivable,unpaid,66263,66240,300000,12000,13786,14322,2238,IT
26-08-2024,106709,38590,Maintenance,INV00239,26-08-2024,25-09-2024,13257,payable,unpaid,66240,63392,300000,12000,19207,6946,1570,Manufacturing
27-08-2024,72169,50469,Maintenance,INV00240,27-08-2024,26-09-2024,13407,receivable,paid,63392,65039,300000,12000,12990,9084,2151,Manufacturing
28-08-2024,78642,76981,Salaries,INV00241,28-08-2024,27-09-2024,12150,receivable,paid,65039,63290,300000,12000,14155,13856,2143,Manufacturing
29-08-2024,67541,37187,Salaries,INV00242,29-08-2024,28-09-2024,29923,payable,unpaid,63290,63398,300000,12000,12157,6693,2315,Manufacturing
30-08-2024,83821,35564,Operations,INV00243,30-08-2024,29-09-2024,18671,receivable,unpaid,63398,66300,300000,12000,15087,6401,2900,Retail
31-08-2024,118206,46904,Salaries,INV00244,31-08-2024,30-09-2024,24333,receivable,unpaid,66300,64143,300000,12000,21277,8442,2021,IT
01-09-2024,63640,37568,Marketing,INV00245,01-09-2024,01-10-2024,18930,receivable,paid,64143,62038,300000,12000,11455,6762,2384,IT
02-09-2024,66890,80688,Marketing,INV00246,02-09-2024,02-10-2024,15258,receivable,unpaid,62038,60423,300000,12000,12040,14523,2488,Manufacturing
03-09-2024,112316,82504,Maintenance,INV00247,03-09-2024,03-10-2024,20966,receivable,paid,60423,61770,300000,12000,20216,14850,2814,Manufacturing
04-09-2024,115940,32045,Salaries,INV00248,04-09-2024,04-10-2024,14254,receivable,unpaid,61770,62718,300000,12000,20869,5768,2591,Manufacturing
05-09-2024,111939,82355,Marketing,INV00249,05-09-2024,05-10-2024,22724,payable,paid,62718,64888,300000,12000,20149,14823,2773,Retail
06-09-2024,76694,42344,Marketing,INV00250,06-09-2024,06-10-2024,12553,payable,paid,64888,62469,300000,12000,13804,7621,2884,Manufacturing
07-09-2024,107744,86849,Maintenance,INV00251,07-09-2024,07-10-2024,23900,receivable,paid,62469,60370,300000,12000,19393,15632,2715,Manufacturing
08-09-2024,106613,38639,Marketing,INV00252,08-09-2024,08-10-2024,18897,payable,unpaid,60370,58719,300000,12000,19190,6955,2388,Retail
09-09-2024,89112,79352,Salaries,INV00253,09-09-2024,09-10-2024,20712,payable,unpaid,58719,57825,300000,12000,16040,14283,1821,IT
10-09-2024,81387,52636,Logistics,INV00254,10-09-2024,10-10-2024,23137,receivable,unpaid,57825,55758,300000,12000,14649,9474,2422,Retail
11-09-2024,96618,58436,Salaries,INV00255,11-09-2024,11-10-2024,13253,receivable,paid,55758,58629,300000,12000,17391,10518,1609,IT
12-09-2024,69741,77419,Salaries,INV00256,12-09-2024,12-10-2024,19703,receivable,paid,58629,60536,300000,12000,12553,13935,2289,IT
13-09-2024,64253,66219,Maintenance,INV00257,13-09-2024,13-10-2024,14399,payable,unpaid,60536,58052,300000,12000,11565,11919,2154,IT
14-09-2024,108044,76233,Operations,INV00258,14-09-2024,14-10-2024,10376,receivable,paid,58052,59572,300000,12000,19447,13721,1981,Manufacturing
15-09-2024,71428,41329,Operations,INV00259,15-09-2024,15-10-2024,27274,receivable,paid,59572,59685,300000,12000,12857,7439,1751,IT
16-09-2024,73243,58737,Maintenance,INV00260,16-09-2024,16-10-2024,25443,payable,paid,59685,59417,300000,12000,13183,10572,2986,Manufacturing
17-09-2024,116142,48662,Operations,INV00261,17-09-2024,17-10-2024,12709,receivable,unpaid,59417,58918,300000,12000,20905,8759,1678,Manufacturing
18-09-2024,65588,30582,Marketing,INV00262,18-09-2024,18-10-2024,28349,payable,unpaid,58918,57147,300000,12000,11805,5504,2069,IT
19-09-2024,60180,42116,Marketing,INV00263,19-09-2024,19-10-2024,22633,payable,paid,57147,59964,300000,12000,10832,7580,1900,Manufacturing
20-09-2024,94568,39456,Logistics,INV00264,20-09-2024,20-10-2024,15980,receivable,unpaid,59964,59373,300000,12000,17022,7102,2863,IT
21-09-2024,75648,43470,Logistics,INV00265,21-09-2024,21-10-2024,27525,receivable,paid,59373,59825,300000,12000,13616,7824,1739,Retail
22-09-2024,72433,38583,Salaries,INV00266,22-09-2024,22-10-2024,20238,payable,unpaid,59825,58248,300000,12000,13037,6944,2336,Manufacturing
23-09-2024,82962,53977,Logistics,INV00267,23-09-2024,23-10-2024,11310,receivable,paid,58248,58495,300000,12000,14933,9715,2464,Retail
24-09-2024,85216,89291,Salaries,INV00268,24-09-2024,24-10-2024,19002,receivable,unpaid,58495,57316,300000,12000,15338,16072,2643,Manufacturing
25-09-2024,71217,31470,Logistics,INV00269,25-09-2024,25-10-2024,26727,receivable,paid,57316,55918,300000,12000,12819,5664,1550,Retail
26-09-2024,105553,66218,Marketing,INV00270,26-09-2024,26-10-2024,27618,receivable,unpaid,55918,55760,300000,12000,18999,11919,1540,IT
27-09-2024,104234,67439,Maintenance,INV00271,27-09-2024,27-10-2024,20689,payable,paid,55760,58063,300000,12000,18762,12139,2136,Manufacturing
28-09-2024,109701,81811,Logistics,INV00272,28-09-2024,28-10-2024,19810,receivable,unpaid,58063,57686,300000,12000,19746,14725,2075,Manufacturing
29-09-2024,93658,87462,Maintenance,INV00273,29-09-2024,29-10-2024,15774,payable,paid,57686,58612,300000,12000,16858,15743,1704,Retail
30-09-2024,73313,83806,Salaries,INV00274,30-09-2024,30-10-2024,20016,receivable,unpaid,58612,56611,300000,12000,13196,15085,2471,Manufacturing
01-10-2024,72572,30064,Logistics,INV00275,01-10-2024,31-10-2024,22648,receivable,paid,56611,53931,300000,12000,13062,5411,2923,IT
02-10-2024,94474,55362,Marketing,INV00276,02-10-2024,01-11-2024,20000,payable,unpaid,53931,55821,300000,12000,17005,9965,1802,Manufacturing
03-10-2024,84993,77348,Maintenance,INV00277,03-10-2024,02-11-2024,26398,payable,unpaid,55821,58731,300000,12000,15298,13922,2052,IT
04-10-2024,89092,45256,Operations,INV00278,04-10-2024,03-11-2024,13589,receivable,unpaid,58731,60115,300000,12000,16036,8146,2806,Manufacturing
05-10-2024,73137,51498,Operations,INV00279,05-10-2024,04-11-2024,16202,payable,unpaid,60115,59868,300000,12000,13164,9269,2471,Retail
06-10-2024,84336,35457,Salaries,INV00280,06-10-2024,05-11-2024,10923,receivable,unpaid,59868,60716,300000,12000,15180,6382,1608,Manufacturing
07-10-2024,85812,45431,Salaries,INV00281,07-10-2024,06-11-2024,28315,receivable,paid,60716,62167,300000,12000,15446,8177,2138,Retail
08-10-2024,85147,36570,Salaries,INV00282,08-10-2024,07-11-2024,16539,receivable,paid,62167,63414,300000,12000,15326,6582,1626,Manufacturing
09-10-2024,71910,41807,Maintenance,INV00283,09-10-2024,08-11-2024,17366,payable,paid,63414,62341,300000,12000,12943,7525,1826,IT
10-10-2024,62794,76883,Maintenance,INV00284,10-10-2024,09-11-2024,20231,receivable,unpaid,62341,62588,300000,12000,11302,13838,1824,Retail
11-10-2024,78002,68284,Marketing,INV00285,11-10-2024,10-11-2024,16610,payable,unpaid,62588,63722,300000,12000,14040,12291,2784,IT
12-10-2024,62762,37296,Marketing,INV00286,12-10-2024,11-11-2024,25971,payable,unpaid,63722,61185,300000,12000,11297,6713,2182,Manufacturing
13-10-2024,95597,70977,Marketing,INV00287,13-10-2024,12-11-2024,18386,payable,paid,61185,63376,300000,12000,17207,12775,2386,IT
14-10-2024,91730,81897,Salaries,INV00288,14-10-2024,13-11-2024,23909,receivable,unpaid,63376,63326,300000,12000,16511,14741,2489,Retail
15-10-2024,78695,80166,Marketing,INV00289,15-10-2024,14-11-2024,10456,payable,paid,63326,65488,300000,12000,14165,14429,1971,Retail
16-10-2024,60197,81858,Logistics,INV00290,16-10-2024,15-11-2024,25108,payable,unpaid,65488,67812,300000,12000,10835,14734,2637,Manufacturing
17-10-2024,89507,63259,Logistics,INV00291,17-10-2024,16-11-2024,10360,payable,paid,67812,65241,300000,12000,16111,11386,1835,Retail
18-10-2024,65330,46982,Marketing,INV00292,18-10-2024,17-11-2024,11484,receivable,unpaid,65241,62950,300000,12000,11759,8456,2527,Manufacturing
19-10-2024,114725,89414,Marketing,INV00293,19-10-2024,18-11-2024,11459,receivable,unpaid,62950,65046,300000,12000,20650,16094,1566,IT
20-10-2024,82329,82658,Operations,INV00294,20-10-2024,19-11-2024,17490,receivable,unpaid,65046,65816,300000,12000,14819,14878,1574,Retail
21-10-2024,60128,58869,Maintenance,INV00295,21-10-2024,20-11-2024,13412,payable,unpaid,65816,67167,300000,12000,10823,10596,2446,IT
22-10-2024,80887,62784,Logistics,INV00296,22-10-2024,21-11-2024,14305,payable,paid,67167,67088,300000,12000,14559,11301,2798,Manufacturing
23-10-2024,74552,89914,Logistics,INV00297,23-10-2024,22-11-2024,28218,payable,paid,67088,65924,300000,12000,13419,16184,2088,IT
24-10-2024,61565,88063,Logistics,INV00298,24-10-2024,23-11-2024,25883,payable,unpaid,65924,63212,300000,12000,11081,15851,1936,Retail
25-10-2024,101520,69287,Marketing,INV00299,25-10-2024,24-11-2024,20712,payable,unpaid,63212,65379,300000,12000,18273,12471,1700,Retail
26-10-2024,105805,46398,Salaries,INV00300,26-10-2024,25-11-2024,20274,receivable,unpaid,65379,67185,300000,12000,19044,8351,2602,Retail
27-10-2024,87254,89110,Marketing,INV00301,27-10-2024,26-11-2024,11637,receivable,unpaid,67185,66088,300000,12000,15705,16039,2981,Retail
28-10-2024,113214,58516,Maintenance,INV00302,28-10-2024,27-11-2024,11637,receivable,unpaid,66088,63392,300000,12000,20378,10532,2751,IT
29-10-2024,84787,78984,Logistics,INV00303,29-10-2024,28-11-2024,10646,receivable,paid,63392,65227,300000,12000,15261,14217,2569,Retail
30-10-2024,93337,49997,Salaries,INV00304,30-10-2024,29-11-2024,27241,payable,unpaid,65227,67015,300000,12000,16800,8999,2403,Retail
31-10-2024,111425,85883,Operations,INV00305,31-10-2024,30-11-2024,19318,payable,unpaid,67015,67186,300000,12000,20056,15458,2441,IT
01-11-2024,102225,48945,Logistics,INV00306,01-11-2024,01-12-2024,22878,payable,paid,67186,69435,300000,12000,18400,8810,2572,IT
02-11-2024,95208,49284,Marketing,INV00307,02-11-2024,02-12-2024,29863,receivable,unpaid,69435,69885,300000,12000,17137,8871,2966,Retail
03-11-2024,92945,88883,Marketing,INV00308,03-11-2024,03-12-2024,11050,payable,unpaid,69885,68680,300000,12000,16730,15998,2188,Manufacturing
04-11-2024,115610,84244,Maintenance,INV00309,04-11-2024,04-12-2024,11753,receivable,unpaid,68680,69865,300000,12000,20809,15163,2312,IT
05-11-2024,79378,74479,Operations,INV00310,05-11-2024,05-12-2024,19583,payable,unpaid,69865,70567,300000,12000,14288,13406,2643,Manufacturing
06-11-2024,94752,50932,Salaries,INV00311,06-11-2024,06-12-2024,15795,receivable,paid,70567,72939,300000,12000,17055,9167,2694,Manufacturing
07-11-2024,103171,46875,Salaries,INV00312,07-11-2024,07-12-2024,28639,payable,unpaid,72939,74055,300000,12000,18570,8437,1614,Retail
08-11-2024,64457,63661,Maintenance,INV00313,08-11-2024,08-12-2024,19738,payable,unpaid,74055,74991,300000,12000,11602,11458,2412,Manufacturing
09-11-2024,112242,77460,Operations,INV00314,09-11-2024,09-12-2024,18968,receivable,unpaid,74991,75446,300000,12000,20203,13942,2393,IT
10-11-2024,99996,66818,Maintenance,INV00315,10-11-2024,10-12-2024,20448,receivable,unpaid,75446,73189,300000,12000,17999,12027,2022,Retail
11-11-2024,98288,89563,Operations,INV00316,11-11-2024,11-12-2024,13466,receivable,unpaid,73189,72232,300000,12000,17691,16121,2058,Retail
12-11-2024,81947,82997,Logistics,INV00317,12-11-2024,12-12-2024,15373,receivable,unpaid,72232,71920,300000,12000,14750,14939,2286,Manufacturing
13-11-2024,73400,78154,Operations,INV00318,13-11-2024,13-12-2024,12413,receivable,unpaid,71920,74299,300000,12000,13212,14067,2604,Manufacturing
14-11-2024,64681,69325,Operations,INV00319,14-11-2024,14-12-2024,14019,payable,paid,74299,76757,300000,12000,11642,12478,2982,Retail
15-11-2024,109853,44825,Operations,INV00320,15-11-2024,15-12-2024,12280,receivable,paid,76757,74291,300000,12000,19773,8068,1863,Retail
16-11-2024,90118,62769,Logistics,INV00321,16-11-2024,16-12-2024,13270,receivable,unpaid,74291,75127,300000,12000,16221,11298,2699,Retail
17-11-2024,107057,85640,Operations,INV00322,17-11-2024,17-12-2024,26262,payable,unpaid,75127,72239,300000,12000,19270,15415,2701,Manufacturing
18-11-2024,82875,30845,Marketing,INV00323,18-11-2024,18-12-2024,29723,payable,unpaid,72239,70237,300000,12000,14917,5552,2053,Manufacturing
19-11-2024,114783,73134,Logistics,INV00324,19-11-2024,19-12-2024,21996,receivable,unpaid,70237,67548,300000,12000,20660,13164,1645,Retail
20-11-2024,88155,62064,Maintenance,INV00325,20-11-2024,20-12-2024,17752,receivable,paid,67548,68211,300000,12000,15867,11171,2347,IT
21-11-2024,110434,72888,Logistics,INV00326,21-11-2024,21-12-2024,17306,payable,unpaid,68211,66686,300000,12000,19878,13119,2694,Manufacturing
22-11-2024,106392,82947,Marketing,INV00327,22-11-2024,22-12-2024,15297,receivable,paid,66686,68467,300000,12000,19150,14930,2362,IT
23-11-2024,86158,59227,Operations,INV00328,23-11-2024,23-12-2024,10338,receivable,unpaid,68467,70916,300000,12000,15508,10660,2514,IT
24-11-2024,110096,84424,Maintenance,INV00329,24-11-2024,24-12-2024,22751,receivable,unpaid,70916,70486,300000,12000,19817,15196,1629,Manufacturing
25-11-2024,118649,30316,Maintenance,INV00330,25-11-2024,25-12-2024,20023,receivable,paid,70486,71021,300000,12000,21356,5456,2989,IT
26-11-2024,75991,77787,Salaries,INV00331,26-11-2024,26-12-2024,26136,receivable,paid,71021,74004,300000,12000,13678,14001,2734,Manufacturing
27-11-2024,82766,47547,Maintenance,INV00332,27-11-2024,27-12-2024,12880,payable,paid,74004,72437,300000,12000,14897,8558,2677,IT
28-11-2024,65075,35516,Marketing,INV00333,28-11-2024,28-12-2024,13477,payable,unpaid,72437,70621,300000,12000,11713,6392,2263,Manufacturing
29-11-2024,102118,61576,Operations,INV00334,29-11-2024,29-12-2024,24516,receivable,paid,70621,69567,300000,12000,18381,11083,2361,Retail
30-11-2024,78320,75296,Operations,INV00335,30-11-2024,30-12-2024,18674,receivable,paid,69567,69477,300000,12000,14097,13553,2377,Retail
01-12-2024,68292,84934,Operations,INV00336,01-12-2024,31-12-2024,11853,payable,unpaid,69477,66925,300000,12000,12292,15288,2851,IT
02-12-2024,99831,71058,Marketing,INV00337,02-12-2024,01-01-2025,11713,payable,paid,66925,67636,300000,12000,17969,12790,1686,Retail
03-12-2024,89214,73301,Marketing,INV00338,03-12-2024,02-01-2025,18458,receivable,paid,67636,67929,300000,12000,16058,13194,1689,Retail
04-12-2024,112372,83564,Operations,INV00339,04-12-2024,03-01-2025,13145,receivable,paid,67929,68899,300000,12000,20226,15041,2285,IT
05-12-2024,77287,80396,Logistics,INV00340,05-12-2024,04-01-2025,27862,receivable,unpaid,68899,67468,300000,12000,13911,14471,2231,IT
06-12-2024,86135,31421,Logistics,INV00341,06-12-2024,05-01-2025,28961,payable,paid,67468,68535,300000,12000,15504,5655,2600,Retail
07-12-2024,103582,82128,Maintenance,INV00342,07-12-2024,06-01-2025,16118,receivable,unpaid,68535,71027,300000,12000,18644,14783,2226,Retail
08-12-2024,95848,79097,Maintenance,INV00343,08-12-2024,07-01-2025,12819,receivable,unpaid,71027,68902,300000,12000,17252,14237,1652,Retail
09-12-2024,119795,52664,Salaries,INV00344,09-12-2024,08-01-2025,17186,receivable,paid,68902,71377,300000,12000,21563,9479,1837,Retail
10-12-2024,118738,52946,Maintenance,INV00345,10-12-2024,09-01-2025,16704,payable,paid,71377,69706,300000,12000,21372,9530,2943,Retail
11-12-2024,82160,83706,Operations,INV00346,11-12-2024,10-01-2025,20830,receivable,paid,69706,70513,300000,12000,14788,15067,3000,Retail
12-12-2024,112261,65753,Operations,INV00347,12-12-2024,11-01-2025,10806,receivable,paid,70513,67882,300000,12000,20206,11835,2443,Manufacturing
13-12-2024,73034,72943,Marketing,INV00348,13-12-2024,12-01-2025,18723,payable,paid,67882,69714,300000,12000,13146,13129,1590,Retail
14-12-2024,68655,33648,Salaries,INV00349,14-12-2024,13-01-2025,14167,receivable,paid,69714,70271,300000,12000,12357,6056,2642,Manufacturing
15-12-2024,81873,47287,Operations,INV00350,15-12-2024,14-01-2025,15374,receivable,unpaid,70271,69921,300000,12000,14737,8511,2158,Manufacturing
16-12-2024,68483,44776,Salaries,INV00351,16-12-2024,15-01-2025,18765,receivable,paid,69921,70907,300000,12000,12326,8059,2401,Retail
17-12-2024,65568,50590,Salaries,INV00352,17-12-2024,16-01-2025,22967,payable,paid,70907,72160,300000,12000,11802,9106,2952,IT
18-12-2024,64194,72647,Logistics,INV00353,18-12-2024,17-01-2025,28575,payable,unpaid,72160,69282,300000,12000,11554,13076,2021,IT
19-12-2024,114262,36479,Maintenance,INV00354,19-12-2024,18-01-2025,14014,payable,paid,69282,71602,300000,12000,20567,6566,2536,Manufacturing
20-12-2024,66406,52804,Operations,INV00355,20-12-2024,19-01-2025,23350,receivable,paid,71602,74300,300000,12000,11953,9504,2799,IT
21-12-2024,72713,41686,Salaries,INV00356,21-12-2024,20-01-2025,12732,payable,paid,74300,72049,300000,12000,13088,7503,2221,Retail
22-12-2024,92795,80545,Operations,INV00357,22-12-2024,21-01-2025,26497,payable,unpaid,72049,70259,300000,12000,16703,14498,2787,Manufacturing
23-12-2024,61337,42067,Marketing,INV00358,23-12-2024,22-01-2025,17918,receivable,paid,70259,67444,300000,12000,11040,7572,2879,IT
24-12-2024,107134,44651,Salaries,INV00359,24-12-2024,23-01-2025,15477,receivable,unpaid,67444,67047,300000,12000,19284,8037,2460,IT
25-12-2024,105109,45630,Maintenance,INV00360,25-12-2024,24-01-2025,13021,receivable,unpaid,67047,65570,300000,12000,18919,8213,1709,IT
26-12-2024,93130,61173,Maintenance,INV00361,26-12-2024,25-01-2025,11742,payable,paid,65570,62923,300000,12000,16763,11011,1913,Manufacturing
27-12-2024,68965,50142,Marketing,INV00362,27-12-2024,26-01-2025,19942,payable,unpaid,62923,62466,300000,12000,12413,9025,2810,Manufacturing
28-12-2024,91445,38233,Salaries,INV00363,28-12-2024,27-01-2025,14791,payable,unpaid,62466,59753,300000,12000,16460,6881,2060,IT
29-12-2024,73933,78364,Operations,INV00364,29-12-2024,28-01-2025,11422,payable,paid,59753,59963,300000,12000,13307,14105,1728,IT
30-12-2024,119457,85894,Logistics,INV00365,30-12-2024,29-01-2025,12906,receivable,unpaid,59963,61419,300000,12000,21502,15460,1924,IT
31-12-2024,98007,45060,Logistics,INV00366,31-12-2024,30-01-2025,18457,receivable,unpaid,61419,63391,300000,12000,17641,8110,2331,Retail
01-01-2025,77181,31002,Operations,INV00367,01-01-2025,31-01-2025,22879,receivable,unpaid,63391,62130,300000,12000,13892,5580,2283,Manufacturing
02-01-2025,79884,37984,Maintenance,INV00368,02-01-2025,01-02-2025,29690,receivable,paid,62130,64565,300000,12000,14379,6837,2493,IT
03-01-2025,101708,45609,Operations,INV00369,03-01-2025,02-02-2025,19761,payable,unpaid,64565,61591,300000,12000,18307,8209,1826,Retail
04-01-2025,62612,44339,Salaries,INV00370,04-01-2025,03-02-2025,14888,receivable,paid,61591,62547,300000,12000,11270,7981,2342,IT
05-01-2025,100158,57226,Logistics,INV00371,05-01-2025,04-02-2025,13393,receivable,paid,62547,60269,300000,12000,18028,10300,2190,Retail
06-01-2025,117900,84106,Maintenance,INV00372,06-01-2025,05-02-2025,17788,payable,unpaid,60269,60789,300000,12000,21222,15139,2490,Manufacturing
07-01-2025,109771,62435,Operations,INV00373,07-01-2025,06-02-2025,16401,payable,unpaid,60789,61709,300000,12000,19758,11238,2565,Manufacturing
08-01-2025,85278,59900,Operations,INV00374,08-01-2025,07-02-2025,16920,receivable,unpaid,61709,63389,300000,12000,15350,10782,2261,IT
09-01-2025,71065,31373,Logistics,INV00375,09-01-2025,08-02-2025,14561,payable,paid,63389,62636,300000,12000,12791,5647,2642,IT
10-01-2025,86682,77135,Maintenance,INV00376,10-01-2025,09-02-2025,10449,receivable,unpaid,62636,65504,300000,12000,15602,13884,1918,IT
11-01-2025,112471,38471,Salaries,INV00377,11-01-2025,10-02-2025,24820,receivable,unpaid,65504,68224,300000,12000,20244,6924,1612,Retail
12-01-2025,115919,33386,Salaries,INV00378,12-01-2025,11-02-2025,29145,receivable,unpaid,68224,68344,300000,12000,20865,6009,2356,IT
13-01-2025,93906,83862,Marketing,INV00379,13-01-2025,12-02-2025,15675,payable,paid,68344,70189,300000,12000,16903,15095,2676,Retail
14-01-2025,73024,30468,Logistics,INV00380,14-01-2025,13-02-2025,25372,receivable,paid,70189,68414,300000,12000,13144,5484,1547,IT
15-01-2025,82105,32182,Maintenance,INV00381,15-01-2025,14-02-2025,22460,payable,paid,68414,66942,300000,12000,14778,5792,1550,Manufacturing
16-01-2025,86955,72395,Maintenance,INV00382,16-01-2025,15-02-2025,20881,receivable,unpaid,66942,65875,300000,12000,15651,13031,2593,Manufacturing
17-01-2025,78756,74838,Maintenance,INV00383,17-01-2025,16-02-2025,12252,receivable,paid,65875,66403,300000,12000,14176,13470,1812,IT
18-01-2025,96274,34018,Marketing,INV00384,18-01-2025,17-02-2025,22338,receivable,paid,66403,67030,300000,12000,17329,6123,1617,IT
19-01-2025,102823,61322,Maintenance,INV00385,19-01-2025,18-02-2025,22256,receivable,unpaid,67030,68632,300000,12000,18508,11037,2708,Retail
20-01-2025,83965,41742,Logistics,INV00386,20-01-2025,19-02-2025,27967,receivable,unpaid,68632,71547,300000,12000,15113,7513,1615,IT
21-01-2025,73139,68814,Maintenance,INV00387,21-01-2025,20-02-2025,26187,receivable,paid,71547,69163,300000,12000,13165,12386,1737,Retail
22-01-2025,99742,51545,Logistics,INV00388,22-01-2025,21-02-2025,17976,payable,paid,69163,68081,300000,12000,17953,9278,2019,Manufacturing
23-01-2025,104825,77549,Marketing,INV00389,23-01-2025,22-02-2025,29251,receivable,unpaid,68081,70232,300000,12000,18868,13958,2776,Manufacturing
24-01-2025,108086,65124,Maintenance,INV00390,24-01-2025,23-02-2025,24303,receivable,unpaid,70232,70702,300000,12000,19455,11722,1992,IT
25-01-2025,76108,72771,Operations,INV00391,25-01-2025,24-02-2025,14041,payable,paid,70702,68057,300000,12000,13699,13098,2239,IT
26-01-2025,61211,58543,Maintenance,INV00392,26-01-2025,25-02-2025,23593,payable,unpaid,68057,66486,300000,12000,11017,10537,2258,Retail
27-01-2025,95037,62327,Salaries,INV00393,27-01-2025,26-02-2025,11389,receivable,paid,66486,66397,300000,12000,17106,11218,1548,Retail
28-01-2025,109267,30430,Maintenance,INV00394,28-01-2025,27-02-2025,20675,payable,unpaid,66397,68401,300000,12000,19668,5477,2551,IT
29-01-2025,106682,78007,Salaries,INV00395,29-01-2025,28-02-2025,16598,receivable,paid,68401,68917,300000,12000,19202,14041,1697,Retail
30-01-2025,111190,63399,Operations,INV00396,30-01-2025,01-03-2025,13337,payable,unpaid,68917,66518,300000,12000,20014,11411,2355,Manufacturing
31-01-2025,62031,43771,Operations,INV00397,31-01-2025,02-03-2025,24238,receivable,paid,66518,67661,300000,12000,11165,7878,1808,Retail
01-02-2025,106956,47850,Salaries,INV00398,01-02-2025,03-03-2025,29563,payable,paid,67661,66959,300000,12000,19252,8613,2010,IT
02-02-2025,72913,74686,Maintenance,INV00399,02-02-2025,04-03-2025,15850,payable,unpaid,66959,68164,300000,12000,13124,13443,2187,IT
03-02-2025,103074,59582,Marketing,INV00400,03-02-2025,05-03-2025,21699,payable,paid,68164,65376,300000,12000,18553,10724,2591,IT
04-02-2025,98864,57478,Logistics,INV00401,04-02-2025,06-03-2025,25769,payable,unpaid,65376,63951,300000,12000,17795,10346,1678,Manufacturing
05-02-2025,109266,45350,Salaries,INV00402,05-02-2025,07-03-2025,20518,payable,paid,63951,66065,300000,12000,19667,8163,2590,IT
06-02-2025,77520,58108,Marketing,INV00403,06-02-2025,08-03-2025,19564,payable,paid,66065,65489,300000,12000,13953,10459,2454,Manufacturing
07-02-2025,85658,79959,Operations,INV00404,07-02-2025,09-03-2025,12079,receivable,unpaid,65489,64075,300000,12000,15418,14392,2901,Retail
08-02-2025,108199,82300,Marketing,INV00405,08-02-2025,10-03-2025,25812,receivable,paid,64075,61263,300000,12000,19475,14814,2117,IT
09-02-2025,64942,44287,Operations,INV00406,09-02-2025,11-03-2025,25009,payable,unpaid,61263,59801,300000,12000,11689,7971,2751,Retail
10-02-2025,65820,80151,Operations,INV00407,10-02-2025,12-03-2025,26086,receivable,paid,59801,61024,300000,12000,11847,14427,1952,Manufacturing
11-02-2025,80633,35782,Operations,INV00408,11-02-2025,13-03-2025,21613,payable,paid,61024,58654,300000,12000,14513,6440,1868,Manufacturing
12-02-2025,65182,48165,Salaries,INV00409,12-02-2025,14-03-2025,29539,receivable,unpaid,58654,57093,300000,12000,11732,8669,2388,IT
13-02-2025,98963,79974,Marketing,INV00410,13-02-2025,15-03-2025,12035,receivable,unpaid,57093,56340,300000,12000,17813,14395,2491,IT
14-02-2025,106422,63664,Maintenance,INV00411,14-02-2025,16-03-2025,11816,payable,unpaid,56340,56459,300000,12000,19155,11459,2813,Retail
15-02-2025,76502,30564,Operations,INV00412,15-02-2025,17-03-2025,10490,payable,paid,56459,53644,300000,12000,13770,5501,2661,Manufacturing
16-02-2025,66971,35315,Maintenance,INV00413,16-02-2025,18-03-2025,12860,receivable,unpaid,53644,51755,300000,12000,12054,6356,2409,Manufacturing
17-02-2025,81657,55307,Logistics,INV00414,17-02-2025,19-03-2025,22851,receivable,unpaid,51755,50326,300000,12000,14698,9955,2446,Manufacturing
18-02-2025,107694,87668,Maintenance,INV00415,18-02-2025,20-03-2025,27027,receivable,unpaid,50326,53210,300000,12000,19384,15780,2336,Manufacturing
19-02-2025,106922,60382,Logistics,INV00416,19-02-2025,21-03-2025,19671,payable,paid,53210,51518,300000,12000,19245,10868,2704,IT
20-02-2025,105111,55005,Salaries,INV00417,20-02-2025,22-03-2025,11533,payable,unpaid,51518,49532,300000,12000,18919,9900,2608,Manufacturing
21-02-2025,61290,60778,Operations,INV00418,21-02-2025,23-03-2025,21020,payable,paid,49532,48950,300000,12000,11032,10940,1946,Retail
22-02-2025,74870,88218,Operations,INV00419,22-02-2025,24-03-2025,21922,payable,paid,48950,47071,300000,12000,13476,15879,2460,Retail
23-02-2025,68224,67137,Operations,INV00420,23-02-2025,25-03-2025,10141,payable,unpaid,47071,48440,300000,12000,12280,12084,1852,Retail
24-02-2025,102538,65835,Salaries,INV00421,24-02-2025,26-03-2025,23895,receivable,paid,48440,50336,300000,12000,18456,11850,1715,Retail
25-02-2025,108983,65321,Salaries,INV00422,25-02-2025,27-03-2025,19501,payable,unpaid,50336,48996,300000,12000,19616,11757,1541,IT
26-02-2025,68050,76730,Maintenance,INV00423,26-02-2025,28-03-2025,23258,receivable,paid,48996,47165,300000,12000,12249,13811,1799,Manufacturing
27-02-2025,119581,31138,Marketing,INV00424,27-02-2025,29-03-2025,19088,receivable,unpaid,47165,46247,300000,12000,21524,5604,1659,Manufacturing
28-02-2025,66123,42806,Operations,INV00425,28-02-2025,30-03-2025,25318,payable,unpaid,46247,47096,300000,12000,11902,7705,1609,IT
01-03-2025,89422,30176,Operations,INV00426,01-03-2025,31-03-2025,12006,receivable,unpaid,47096,48976,300000,12000,16095,5431,2107,IT
02-03-2025,71057,48737,Operations,INV00427,02-03-2025,01-04-2025,20680,receivable,unpaid,48976,50872,300000,12000,12790,8772,1624,Manufacturing
03-03-2025,92728,81393,Salaries,INV00428,03-03-2025,02-04-2025,28034,payable,unpaid,50872,49283,300000,12000,16691,14650,1688,IT
04-03-2025,107076,79779,Salaries,INV00429,04-03-2025,03-04-2025,12915,receivable,unpaid,49283,51339,300000,12000,19273,14360,2843,Manufacturing
05-03-2025,81485,54822,Marketing,INV00430,05-03-2025,04-04-2025,24126,payable,paid,51339,53041,300000,12000,14667,9867,1764,Retail
06-03-2025,67962,86854,Logistics,INV00431,06-03-2025,05-04-2025,21348,receivable,paid,53041,55241,300000,12000,12233,15633,2871,Manufacturing
07-03-2025,91927,79679,Marketing,INV00432,07-03-2025,06-04-2025,22959,receivable,paid,55241,58233,300000,12000,16546,14342,2245,Retail
08-03-2025,69052,68161,Logistics,INV00433,08-03-2025,07-04-2025,24843,payable,unpaid,58233,57927,300000,12000,12429,12268,2293,IT
09-03-2025,96630,64988,Maintenance,INV00434,09-03-2025,08-04-2025,11200,payable,paid,57927,58809,300000,12000,17393,11697,1722,IT
10-03-2025,89176,60484,Marketing,INV00435,10-03-2025,09-04-2025,25237,receivable,unpaid,58809,57677,300000,12000,16051,10887,1957,Retail
11-03-2025,71057,77510,Marketing,INV00436,11-03-2025,10-04-2025,23502,payable,paid,57677,59467,300000,12000,12790,13951,1661,Manufacturing
12-03-2025,98252,75708,Marketing,INV00437,12-03-2025,11-04-2025,18324,receivable,unpaid,59467,60909,300000,12000,17685,13627,2364,Retail
13-03-2025,80225,67309,Logistics,INV00438,13-03-2025,12-04-2025,14280,receivable,unpaid,60909,62744,300000,12000,14440,12115,2796,Manufacturing
14-03-2025,93613,89166,Maintenance,INV00439,14-03-2025,13-04-2025,24991,receivable,unpaid,62744,62990,300000,12000,16850,16049,2883,Manufacturing
15-03-2025,77933,41765,Operations,INV00440,15-03-2025,14-04-2025,28725,payable,paid,62990,63386,300000,12000,14027,7517,2530,IT
16-03-2025,71854,84363,Maintenance,INV00441,16-03-2025,15-04-2025,25314,payable,unpaid,63386,64323,300000,12000,12933,15185,2254,Retail
17-03-2025,111556,78128,Logistics,INV00442,17-03-2025,16-04-2025,17497,payable,unpaid,64323,65544,300000,12000,20080,14063,2082,Manufacturing
18-03-2025,60206,74134,Marketing,INV00443,18-03-2025,17-04-2025,21082,receivable,paid,65544,62957,300000,12000,10837,13344,1670,Manufacturing
19-03-2025,83122,33938,Maintenance,INV00444,19-03-2025,18-04-2025,21046,receivable,unpaid,62957,64509,300000,12000,14961,6108,2848,Manufacturing
20-03-2025,109789,67820,Operations,INV00445,20-03-2025,19-04-2025,18184,payable,unpaid,64509,67427,300000,12000,19762,12207,2265,Manufacturing
21-03-2025,92454,78278,Marketing,INV00446,21-03-2025,20-04-2025,17823,payable,unpaid,67427,65922,300000,12000,16641,14090,2947,Retail
22-03-2025,94940,69599,Logistics,INV00447,22-03-2025,21-04-2025,20247,receivable,paid,65922,67666,300000,12000,17089,12527,2062,Retail
23-03-2025,116201,39906,Salaries,INV00448,23-03-2025,22-04-2025,15241,payable,unpaid,67666,68565,300000,12000,20916,7183,2991,IT
24-03-2025,98483,39715,Maintenance,INV00449,24-03-2025,23-04-2025,16550,receivable,unpaid,68565,70033,300000,12000,17726,7148,1700,Manufacturing
25-03-2025,82533,49178,Operations,INV00450,25-03-2025,24-04-2025,28230,receivable,unpaid,70033,72674,300000,12000,14855,8852,2624,IT
26-03-2025,98770,42186,Logistics,INV00451,26-03-2025,25-04-2025,17483,receivable,unpaid,72674,70259,300000,12000,17778,7593,1750,Retail
27-03-2025,91785,61494,Salaries,INV00452,27-03-2025,26-04-2025,24081,payable,paid,70259,72885,300000,12000,16521,11068,1693,Retail
28-03-2025,96524,32146,Maintenance,INV00453,28-03-2025,27-04-2025,24082,receivable,paid,72885,74916,300000,12000,17374,5786,2259,Manufacturing
29-03-2025,65074,41772,Operations,INV00454,29-03-2025,28-04-2025,25347,receivable,unpaid,74916,76194,300000,12000,11713,7518,2410,Retail
30-03-2025,96782,46161,Maintenance,INV00455,30-03-2025,29-04-2025,24169,payable,unpaid,76194,76980,300000,12000,17420,8308,2569,IT
31-03-2025,112658,34766,Maintenance,INV00456,31-03-2025,30-04-2025,21607,payable,unpaid,76980,77297,300000,12000,20278,6257,1934,Manufacturing
01-04-2025,73724,41481,Marketing,INV00457,01-04-2025,01-05-2025,18184,payable,unpaid,77297,79739,300000,12000,13270,7466,2288,Retail
02-04-2025,106982,81507,Operations,INV00458,02-04-2025,02-05-2025,28449,receivable,paid,79739,78777,300000,12000,19256,14671,2693,IT
03-04-2025,103417,77444,Operations,INV00459,03-04-2025,03-05-2025,19234,payable,unpaid,78777,78283,300000,12000,18615,13939,2253,IT
04-04-2025,71880,79928,Operations,INV00460,04-04-2025,04-05-2025,16049,receivable,unpaid,78283,78051,300000,12000,12938,14387,2936,IT
05-04-2025,63386,82292,Marketing,INV00461,05-04-2025,05-05-2025,22483,payable,unpaid,78051,78283,300000,12000,11409,14812,1677,Retail
06-04-2025,97047,52077,Maintenance,INV00462,06-04-2025,06-05-2025,18762,payable,paid,78283,76233,300000,12000,17468,9373,1750,Manufacturing
07-04-2025,106885,31455,Marketing,INV00463,07-04-2025,07-05-2025,11933,receivable,unpaid,76233,77838,300000,12000,19239,5661,1556,Manufacturing
08-04-2025,97131,81652,Operations,INV00464,08-04-2025,08-05-2025,21006,receivable,paid,77838,80593,300000,12000,17483,14697,1586,Retail
09-04-2025,60013,81625,Salaries,INV00465,09-04-2025,09-05-2025,27133,receivable,paid,80593,80925,300000,12000,10802,14692,2874,Manufacturing
10-04-2025,109951,87427,Salaries,INV00466,10-04-2025,10-05-2025,21307,payable,paid,80925,77954,300000,12000,19791,15736,2637,Retail
11-04-2025,113692,81919,Operations,INV00467,11-04-2025,11-05-2025,28543,receivable,paid,77954,76727,300000,12000,20464,14745,1682,IT
12-04-2025,91580,66925,Operations,INV00468,12-04-2025,12-05-2025,17977,receivable,paid,76727,74393,300000,12000,16484,12046,2837,Manufacturing
13-04-2025,74221,34255,Logistics,INV00469,13-04-2025,13-05-2025,24105,payable,unpaid,74393,71507,300000,12000,13359,6165,1722,IT
14-04-2025,117369,86695,Marketing,INV00470,14-04-2025,14-05-2025,18163,payable,paid,71507,69492,300000,12000,21126,15605,1847,IT
15-04-2025,90686,30150,Marketing,INV00471,15-04-2025,15-05-2025,18196,payable,unpaid,69492,70665,300000,12000,16323,5427,2753,IT
16-04-2025,71156,84198,Logistics,INV00472,16-04-2025,16-05-2025,26157,payable,unpaid,70665,71225,300000,12000,12808,15155,2869,IT
17-04-2025,89118,74131,Operations,INV00473,17-04-2025,17-05-2025,22524,receivable,unpaid,71225,73305,300000,12000,16041,13343,2408,Retail
18-04-2025,96319,31891,Maintenance,INV00474,18-04-2025,18-05-2025,16944,receivable,paid,73305,74913,300000,12000,17337,5740,2852,Manufacturing
19-04-2025,82920,57851,Maintenance,INV00475,19-04-2025,19-05-2025,29605,payable,unpaid,74913,75616,300000,12000,14925,10413,1606,Manufacturing
20-04-2025,73411,38872,Salaries,INV00476,20-04-2025,20-05-2025,12293,receivable,unpaid,75616,75541,300000,12000,13213,6996,1853,IT
21-04-2025,79351,66743,Logistics,INV00477,21-04-2025,21-05-2025,15155,receivable,unpaid,75541,75351,300000,12000,14283,12013,1632,Manufacturing
22-04-2025,117173,72000,Salaries,INV00478,22-04-2025,22-05-2025,22386,receivable,paid,75351,77908,300000,12000,21091,12960,2638,Manufacturing
23-04-2025,90172,47784,Maintenance,INV00479,23-04-2025,23-05-2025,17477,receivable,unpaid,77908,77963,300000,12000,16230,8601,2170,Retail
24-04-2025,109503,68969,Marketing,INV00480,24-04-2025,24-05-2025,10671,receivable,unpaid,77963,78951,300000,12000,19710,12414,2999,Retail
25-04-2025,69538,81696,Maintenance,INV00481,25-04-2025,25-05-2025,12014,receivable,paid,78951,81043,300000,12000,12516,14705,2649,Retail
26-04-2025,67082,74716,Maintenance,INV00482,26-04-2025,26-05-2025,13193,payable,paid,81043,82150,300000,12000,12074,13448,2295,Manufacturing
27-04-2025,93927,87695,Maintenance,INV00483,27-04-2025,27-05-2025,18161,payable,paid,82150,83314,300000,12000,16906,15785,2752,IT
28-04-2025,61627,34400,Marketing,INV00484,28-04-2025,28-05-2025,17909,receivable,paid,83314,84892,300000,12000,11092,6192,2510,IT
29-04-2025,118752,79135,Marketing,INV00485,29-04-2025,29-05-2025,25143,receivable,unpaid,84892,87313,300000,12000,21375,14244,2110,IT
30-04-2025,75208,38410,Salaries,INV00486,30-04-2025,30-05-2025,24515,payable,unpaid,87313,84787,300000,12000,13537,6913,2653,IT
01-05-2025,111308,70155,Salaries,INV00487,01-05-2025,31-05-2025,18243,receivable,paid,84787,85690,300000,12000,20035,12627,2909,IT
02-05-2025,118025,50147,Logistics,INV00488,02-05-2025,01-06-2025,28287,payable,paid,85690,85264,300000,12000,21244,9026,1523,Manufacturing
03-05-2025,79156,55851,Marketing,INV00489,03-05-2025,02-06-2025,24016,receivable,paid,85264,86667,300000,12000,14248,10053,2332,IT
04-05-2025,97586,39096,Maintenance,INV00490,04-05-2025,03-06-2025,26248,receivable,paid,86667,84780,300000,12000,17565,7037,2938,Retail
05-05-2025,65079,79400,Salaries,INV00491,05-05-2025,04-06-2025,10270,receivable,unpaid,84780,87161,300000,12000,11714,14292,1910,IT
06-05-2025,81200,85808,Marketing,INV00492,06-05-2025,05-06-2025,17347,payable,unpaid,87161,84268,300000,12000,14616,15445,2406,Manufacturing
07-05-2025,74923,74306,Marketing,INV00493,07-05-2025,06-06-2025,28118,receivable,unpaid,84268,82064,300000,12000,13486,13375,2336,Retail
08-05-2025,83009,78767,Marketing,INV00494,08-05-2025,07-06-2025,19486,receivable,unpaid,82064,82910,300000,12000,14941,14178,2482,Manufacturing
09-05-2025,100420,60663,Operations,INV00495,09-05-2025,08-06-2025,10601,payable,paid,82910,81521,300000,12000,18075,10919,2566,Manufacturing
10-05-2025,65436,35734,Operations,INV00496,10-05-2025,09-06-2025,13155,receivable,paid,81521,82780,300000,12000,11778,6432,2922,IT
11-05-2025,109481,34831,Maintenance,INV00497,11-05-2025,10-06-2025,15842,receivable,unpaid,82780,82866,300000,12000,19706,6269,2216,Manufacturing
12-05-2025,89438,64140,Marketing,INV00498,12-05-2025,11-06-2025,29230,payable,paid,82866,79966,300000,12000,16098,11545,2896,Retail
13-05-2025,110786,70240,Operations,INV00499,13-05-2025,12-06-2025,29543,payable,paid,79966,78105,300000,12000,19941,12643,2961,Retail
14-05-2025,112399,37466,Logistics,INV00500,14-05-2025,13-06-2025,18189,receivable,paid,78105,76714,300000,12000,20231,6743,2709,Manufacturing
